User,Degree In,Degree Out
user_0,446,435
user_343,91,215
user_108,156,207
user_259,205,206
user_251,142,197
user_324,142,188
user_228,152,173
user_440,124,172
user_367,183,171
user_408,171,168
user_340,131,164
user_56,200,163
user_171,154,163
user_122,88,162
user_447,113,159
user_428,132,157
user_42,142,157
user_414,133,154
user_136,146,154
user_247,120,153
user_311,105,152
user_220,138,151
user_199,140,151
user_134,138,150
user_364,146,150
user_19,182,149
user_424,124,149
user_63,120,148
user_341,158,148
user_396,155,148
user_191,182,146
user_221,111,145
user_274,66,144
user_323,186,144
user_167,178,143
user_388,92,142
user_234,132,142
user_200,139,142
user_353,144,141
user_72,141,141
user_26,61,140
user_100,147,140
user_50,117,138
user_394,80,137
user_326,146,137
user_130,135,136
user_346,109,135
user_395,113,135
user_410,89,135
user_354,220,135
user_393,165,134
user_397,83,132
user_35,97,131
user_331,132,131
user_196,60,131
user_150,99,129
user_347,130,129
user_203,194,128
user_145,145,127
user_382,113,126
user_236,120,126
user_102,122,126
user_249,157,125
user_402,71,125
user_357,105,123
user_86,164,122
user_31,94,122
user_5,127,122
user_216,129,122
user_177,119,122
user_194,105,121
user_243,82,120
user_434,104,120
user_363,129,119
user_98,135,119
user_337,113,119
user_332,75,119
user_17,110,118
user_181,145,118
user_386,116,117
user_164,94,117
user_121,131,117
user_201,138,117
user_448,102,115
user_226,148,115
user_71,115,114
user_96,123,114
user_375,141,114
user_305,170,114
user_113,99,114
user_147,103,114
user_302,99,113
user_124,112,112
user_3,110,112
user_149,159,112
user_182,107,112
user_155,163,111
user_211,145,110
user_15,142,109
user_309,117,109
user_141,85,107
user_262,120,107
user_437,76,106
user_258,103,105
user_264,111,105
user_69,91,103
user_265,64,103
user_419,148,101
user_209,103,101
user_138,165,101
user_322,127,101
user_406,119,101
user_117,62,100
user_266,75,99
user_281,120,98
user_190,67,98
user_425,125,98
user_431,40,97
user_315,78,97
user_14,101,96
user_94,99,95
user_115,91,94
user_384,124,93
user_111,96,93
user_74,95,93
user_244,76,92
user_139,107,92
user_4,58,91
user_391,107,91
user_334,122,91
user_174,106,91
user_256,111,90
user_81,70,90
user_359,145,89
user_53,112,89
user_313,70,87
user_202,111,87
user_272,80,87
user_88,137,87
user_277,115,87
user_8,100,86
user_411,72,86
user_412,112,86
user_321,74,86
user_135,67,85
user_227,77,85
user_443,95,84
user_294,44,83
user_54,89,83
user_1,103,83
user_144,123,81
user_270,45,81
user_126,116,81
user_298,79,81
user_46,93,81
user_268,76,81
user_441,106,80
user_24,145,79
user_29,71,79
user_106,80,79
user_300,17,79
user_275,68,78
user_400,100,78
user_436,96,78
user_83,66,77
user_352,92,77
user_392,38,76
user_288,70,76
user_48,74,76
user_33,83,76
user_421,173,75
user_25,43,75
user_172,132,75
user_168,110,75
user_68,117,74
user_158,88,74
user_40,62,74
user_93,88,74
user_260,57,74
user_379,61,73
user_73,58,73
user_278,40,73
user_131,63,72
user_185,59,71
user_407,72,70
user_148,93,70
user_21,46,70
user_38,65,69
user_439,64,68
user_6,9,68
user_361,51,68
user_64,26,67
user_104,88,67
user_39,47,67
user_192,44,67
user_239,94,67
user_212,18,66
user_137,82,65
user_399,87,65
user_248,61,65
user_188,56,65
user_429,47,64
user_225,67,64
user_23,91,63
user_128,73,63
user_286,78,62
user_163,57,61
user_235,46,60
user_293,101,59
user_232,71,58
user_360,53,56
user_409,65,56
user_89,94,55
user_213,49,55
user_193,37,54
user_404,66,54
user_283,52,52
user_77,19,52
user_330,58,52
user_377,78,52
user_373,70,52
user_450,47,51
user_84,45,50
user_79,52,50
user_142,124,50
user_257,36,50
user_413,55,50
user_307,46,50
user_374,45,49
user_91,52,49
user_284,48,48
user_30,47,48
user_129,32,46
user_401,36,46
user_55,41,46
user_103,44,45
user_368,81,45
user_335,34,45
user_271,44,44
user_297,51,44
user_154,42,44
user_208,41,43
user_261,40,43
user_430,27,43
user_205,42,43
user_241,42,42
user_427,38,42
user_338,54,42
user_362,15,41
user_267,36,41
user_173,52,41
user_160,34,41
user_291,60,41
user_52,36,40
user_252,58,40
user_306,48,40
user_380,40,40
user_442,55,40
user_345,47,39
user_178,41,39
user_13,61,38
user_328,34,38
user_195,39,38
user_151,78,37
user_101,38,37
user_146,36,37
user_342,51,37
user_92,29,37
user_125,35,37
user_290,38,36
user_444,35,36
user_156,25,36
user_165,36,36
user_80,66,36
user_189,39,36
user_325,33,35
user_296,23,35
user_371,36,35
user_105,40,35
user_95,39,35
user_223,35,34
user_78,35,34
user_218,31,34
user_222,29,34
user_355,20,33
user_255,33,33
user_349,30,33
user_358,30,32
user_299,28,31
user_245,43,30
user_310,39,30
user_90,29,30
user_7,29,30
user_351,21,30
user_446,35,30
user_254,30,30
user_184,32,30
user_10,34,29
user_28,29,29
user_67,26,29
user_153,23,29
user_422,22,29
user_66,32,29
user_376,27,28
user_12,22,28
user_116,64,28
user_214,25,28
user_303,29,28
user_27,27,27
user_57,22,27
user_41,19,27
user_127,28,27
user_390,23,27
user_320,27,27
user_44,26,26
user_435,39,26
user_109,25,26
user_70,20,26
user_2,30,26
user_34,36,25
user_387,21,25
user_175,41,25
user_132,30,24
user_118,20,24
user_45,14,24
user_9,27,24
user_280,32,24
user_403,21,23
user_378,19,23
user_162,22,23
user_369,23,23
user_143,22,23
user_417,24,23
user_179,23,23
user_304,35,23
user_65,0,22
user_415,41,22
user_43,23,22
user_82,21,21
user_418,7,21
user_183,14,20
user_246,14,20
user_273,23,20
user_316,24,20
user_170,18,19
user_229,20,19
user_32,17,19
user_237,18,19
user_416,21,19
user_318,19,19
user_438,39,18
user_329,17,18
user_99,17,18
user_269,25,17
user_279,16,17
user_161,17,17
user_327,19,17
user_426,22,17
user_405,21,16
user_210,16,16
user_169,22,16
user_308,16,16
user_420,15,16
user_123,10,15
user_133,23,15
user_22,12,14
user_62,8,14
user_219,13,14
user_350,13,14
user_295,21,13
user_206,20,13
user_339,11,13
user_152,17,13
user_157,23,13
user_187,13,12
user_112,9,12
user_85,15,12
user_140,10,12
user_276,11,12
user_76,22,12
user_449,12,11
user_120,12,11
user_18,16,11
user_230,10,10
user_366,10,10
user_159,9,10
user_110,11,10
user_312,10,10
user_250,11,10
user_287,7,10
user_16,12,10
user_289,9,10
user_197,8,9
user_292,6,9
user_215,8,9
user_242,9,9
user_180,12,9
user_445,7,8
user_263,10,8
user_301,9,8
user_107,10,7
user_348,8,7
user_344,8,7
user_432,6,7
user_336,7,7
user_36,6,6
user_314,6,6
user_37,6,6
user_75,5,6
user_20,7,6
user_398,5,6
user_381,6,6
user_51,4,6
user_97,10,6
user_217,6,6
user_233,4,5
user_389,5,5
user_423,0,5
user_385,6,5
user_365,14,5
user_370,3,5
user_224,7,5
user_285,4,4
user_47,3,4
user_372,3,4
user_282,4,4
user_204,3,4
user_186,4,4
user_253,5,4
user_333,4,4
user_319,7,4
user_114,4,4
user_87,2,4
user_166,3,3
user_49,7,3
user_240,3,3
user_119,3,3
user_198,2,2
user_11,2,2
user_383,2,2
user_317,2,2
user_207,2,2
user_231,2,2
user_238,1,1
user_433,1,1
user_356,1,1
user_176,5,1
user_58,32,0
user_59,8,0
user_60,44,0
user_61,91,0
